Exercise Name,Muscle Group,Equipment,Movement Pattern,Exercise Type,Experience Level,Body Region
3/4 Sit-Up,Core,Bodyweight,Flexion,Strength,Beginner,Upper
Advanced Kettlebell Windmill,Full Body,Kettlebell,Push,Hypertrophy,Intermediate,Upper
Air Bike,Core,Bodyweight,Pull,Strength,Beginner,Upper
Alternate Hammer Curl,Arms,Dumbbell,Isolation,Hypertrophy,Beginner,Upper
Alternate Heel Touchers,Core,Bodyweight,Pull,Hypertrophy,Beginner,Upper
Alternate Incline Dumbbell Curl,Arms,Dumbbell,Isolation,Hypertrophy,Beginner,Upper
Alternating Cable Shoulder Press,"Shoulders,Triceps",Cable,Push,Strength,Beginner,Upper
Alternating Deltoid Raise,Shoulders,Dumbbell,Isolation,Hypertrophy,Beginner,Upper
Alternating Floor Press,Full Body,Kettlebell,Push,Strength,Beginner,Upper
Alternating Hang Clean,Full Body,Kettlebell,Pull,Strength,Intermediate,Lower
Alternating Kettlebell Press,"Shoulders,Triceps",Kettlebell,Push,Strength,Intermediate,Upper
Alternating Kettlebell Row,"Arms,Back",Kettlebell,Pull,Hypertrophy,Intermediate,Upper
Alternating Renegade Row,Full Body,Kettlebell,Pull,Strength,Advanced,Upper
Anti-Gravity Press,Full Body,Barbell,Push,Strength,Beginner,Upper
Arnold Dumbbell Press,"Shoulders,Triceps",Dumbbell,Push,Strength,Intermediate,Upper
Around The Worlds,"Chest,Shoulders",Dumbbell,Push,Strength,Intermediate,Upper
Axle Deadlift,Full Body,Other,Hinge,Conditioning,Intermediate,Other
Back Flyes - With Bands,Full Body,Resistance Band,Isolation,Strength,Beginner,Upper
Backward Medicine Ball Throw,Shoulders,Medicine Ball,Pull,Plyometric,Beginner,Upper
Ball Leg Curl,Full Body,Exercise Ball,Isolation,Hypertrophy,Beginner,Lower
Band Good Morning,Full Body,Resistance Band,Hinge,Strength,Beginner,Lower
Band Good Morning (Pull Through),Full Body,Resistance Band,Hinge,Strength,Beginner,Lower
Band Hip Adductions,Inner Thighs,Resistance Band,Pull,Hypertrophy,Beginner,Lower
Band Pull Apart,Full Body,Resistance Band,Pull,Hypertrophy,Beginner,Upper
Band Skull Crusher,Triceps,Resistance Band,Push,Hypertrophy,Beginner,Upper
Barbell Bench Press - Medium Grip,Full Body,Barbell,Push,Strength,Beginner,Upper
Barbell Curl,Arms,Barbell,Isolation,Hypertrophy,Beginner,Upper
Barbell Curls Lying Against An Incline,Arms,Barbell,Isolation,Hypertrophy,Beginner,Upper
Barbell Deadlift,Full Body,Barbell,Hinge,Strength,Intermediate,Other
Barbell Full Squat,Full Body,Barbell,Squat,Strength,Intermediate,Lower
Barbell Guillotine Bench Press,Full Body,Barbell,Push,Strength,Intermediate,Upper
Barbell Hack Squat,Full Body,Barbell,Squat,Strength,Intermediate,Lower
Barbell Incline Bench Press - Medium Grip,Full Body,Barbell,Push,Strength,Beginner,Upper
Barbell Incline Shoulder Raise,"Chest,Shoulders",Barbell,Isolation,Strength,Beginner,Upper
Barbell Lunge,Full Body,Barbell,Lunge,Strength,Intermediate,Lower
Barbell Rear Delt Row,Full Body,Barbell,Pull,Strength,Beginner,Upper
Barbell Seated Calf Raise,Calves,Barbell,Isolation,Hypertrophy,Beginner,Lower
Barbell Shoulder Press,Full Body,Barbell,Push,Strength,Intermediate,Upper
Barbell Shrug,Traps,Barbell,Pull,Hypertrophy,Beginner,Upper
Barbell Side Split Squat,Full Body,Barbell,Squat,Strength,Beginner,Lower
Barbell Squat,Full Body,Barbell,Squat,Strength,Beginner,Lower
Barbell Squat To A Bench,Full Body,Barbell,Squat,Strength,Advanced,Lower
Barbell Step Ups,Full Body,Barbell,Lunge,Strength,Intermediate,Lower
Barbell Walking Lunge,Full Body,Barbell,Lunge,Conditioning,Beginner,Lower
Bench Dips,Full Body,Bodyweight,Push,Strength,Beginner,Upper
Bench Press - Powerlifting,Full Body,Barbell,Push,Strength,Intermediate,Upper
Bench Press - With Bands,Full Body,Resistance Band,Push,Strength,Beginner,Upper
Bench Press with Chains,Full Body,Barbell,Push,Strength,Advanced,Upper
Bent-Arm Barbell Pullover,Full Body,Barbell,Pull,Strength,Intermediate,Upper
Bent-Arm Dumbbell Pullover,Full Body,Dumbbell,Pull,Strength,Intermediate,Upper
Bent-Knee Hip Raise,Core,Bodyweight,Isolation,Strength,Beginner,Upper
Bent Over Dumbbell Rear Delt Raise With Head On Bench,Shoulders,Dumbbell,Isolation,Hypertrophy,Beginner,Upper
Bent Over One-Arm Long Bar Row,Full Body,Barbell,Pull,Strength,Beginner,Upper
Bent Over Two-Arm Long Bar Row,"Arms,Back",Barbell,Pull,Strength,Intermediate,Upper
Bent Press,Full Body,Kettlebell,Push,Strength,Advanced,Upper
Board Press,Full Body,Barbell,Push,Strength,Intermediate,Upper
Body-Up,Full Body,Bodyweight,Push,Hypertrophy,Intermediate,Upper
Body Tricep Press,Triceps,Bodyweight,Push,Hypertrophy,Beginner,Upper
Bodyweight Mid Row,"Arms,Back",Other,Pull,Strength,Intermediate,Upper
Bodyweight Squat,Full Body,Bodyweight,Squat,Strength,Beginner,Lower
Bodyweight Walking Lunge,Full Body,Bodyweight,Lunge,Conditioning,Beginner,Lower
Bosu Ball Cable Crunch With Side Bends,Core,Cable,Flexion,Hypertrophy,Beginner,Upper
Bottoms-Up Clean From The Hang Position,"Arms,Shoulders",Kettlebell,Pull,Strength,Intermediate,Upper
Bottoms Up,Core,Bodyweight,Pull,Strength,Beginner,Upper
Box Squat,Full Body,Barbell,Squat,Strength,Intermediate,Lower
Box Squat with Bands,Full Body,Barbell,Squat,Strength,Advanced,Lower
Box Squat with Chains,Full Body,Barbell,Squat,Strength,Advanced,Lower
Bradford/Rocky Presses,"Shoulders,Triceps",Barbell,Push,Strength,Beginner,Upper
Butt-Ups,Core,Bodyweight,Pull,Strength,Beginner,Upper
Butt Lift (Bridge),"Glutes,Hamstrings",Bodyweight,Push,Hypertrophy,Beginner,Lower
Butterfly,Chest,Machine,Isolation,Hypertrophy,Beginner,Upper
Cable Chest Press,Full Body,Cable,Push,Strength,Beginner,Upper
Cable Crossover,"Chest,Shoulders",Cable,Push,Hypertrophy,Beginner,Upper
Cable Crunch,Core,Cable,Flexion,Hypertrophy,Beginner,Upper
Cable Deadlifts,Full Body,Cable,Hinge,Strength,Beginner,Lower
Cable Hammer Curls - Rope Attachment,Arms,Cable,Isolation,Hypertrophy,Beginner,Upper
Cable Hip Adduction,Legs,Cable,Pull,Hypertrophy,Beginner,Lower
Cable Incline Pushdown,Back,Cable,Push,Hypertrophy,Beginner,Upper
Cable Incline Triceps Extension,Triceps,Cable,Isolation,Hypertrophy,Beginner,Upper
Cable Iron Cross,Chest,Cable,Push,Hypertrophy,Beginner,Upper
Cable Judo Flip,Core,Cable,Pull,Strength,Beginner,Upper
Cable Lying Triceps Extension,Triceps,Cable,Isolation,Hypertrophy,Beginner,Upper
Cable One Arm Tricep Extension,Triceps,Cable,Isolation,Hypertrophy,Beginner,Upper
Cable Preacher Curl,Arms,Cable,Isolation,Hypertrophy,Beginner,Upper
Cable Rear Delt Fly,Shoulders,Cable,Isolation,Hypertrophy,Beginner,Upper
Cable Reverse Crunch,Core,Cable,Flexion,Hypertrophy,Beginner,Upper
Cable Rope Overhead Triceps Extension,Triceps,Cable,Isolation,Hypertrophy,Beginner,Upper
Cable Rope Rear-Delt Rows,Full Body,Cable,Pull,Strength,Beginner,Upper
Cable Russian Twists,Core,Cable,Flexion,Strength,Beginner,Upper
Cable Seated Crunch,Core,Cable,Flexion,Hypertrophy,Beginner,Upper
Cable Shoulder Press,"Shoulders,Triceps",Cable,Push,Strength,Beginner,Upper
Cable Shrugs,Traps,Cable,Pull,Hypertrophy,Beginner,Upper
Cable Wrist Curl,Arms,Cable,Isolation,Hypertrophy,Beginner,Upper
Calf-Machine Shoulder Shrug,Traps,Machine,Pull,Hypertrophy,Beginner,Upper
Calf Press,Calves,Machine,Push,Hypertrophy,Beginner,Lower
Calf Press On The Leg Press Machine,Calves,Machine,Squat,Hypertrophy,Beginner,Lower
Calf Raises - With Bands,Calves,Resistance Band,Isolation,Hypertrophy,Beginner,Lower
Car Drivers,"Arms,Shoulders",Barbell,Push,Hypertrophy,Beginner,Upper
Chair Squat,Full Body,Machine,Squat,Strength,Beginner,Lower
Chest Push from 3 point stance,Full Body,Medicine Ball,Push,Plyometric,Beginner,Upper
Chest Push (multiple response),Full Body,Medicine Ball,Push,Plyometric,Beginner,Upper
Chest Push (single response),Full Body,Medicine Ball,Push,Plyometric,Beginner,Upper
Chin-Up,"Arms,Back",Bodyweight,Pull,Strength,Beginner,Upper
Clean,Full Body,Barbell,Olympic,Power,Advanced,Lower
Clean Deadlift,Full Body,Barbell,Hinge,Power,Advanced,Lower
Clean Pull,Full Body,Barbell,Pull,Power,Advanced,Lower
Clean Shrug,Full Body,Barbell,Olympic,Power,Advanced,Upper
Clean and Jerk,Full Body,Barbell,Olympic,Power,Advanced,Upper
Clean and Press,Full Body,Barbell,Push,Strength,Intermediate,Upper
Clean from Blocks,Full Body,Barbell,Olympic,Power,Advanced,Lower
Clock Push-Up,Full Body,Bodyweight,Push,Strength,Intermediate,Upper
Close-Grip Barbell Bench Press,Full Body,Barbell,Push,Strength,Beginner,Upper
Close-Grip Dumbbell Press,Full Body,Dumbbell,Push,Strength,Beginner,Upper
Close-Grip EZ-Bar Curl with Band,Arms,Barbell,Isolation,Hypertrophy,Beginner,Upper
Close-Grip EZ-Bar Press,Full Body,Barbell,Push,Strength,Beginner,Upper
Close-Grip EZ Bar Curl,Arms,Barbell,Isolation,Hypertrophy,Beginner,Upper
Close-Grip Front Lat Pulldown,Full Body,Cable,Pull,Strength,Beginner,Upper
Close-Grip Push-Up off of a Dumbbell,Full Body,Bodyweight,Push,Strength,Intermediate,Upper
Close-Grip Standing Barbell Curl,Arms,Barbell,Isolation,Hypertrophy,Beginner,Upper
Cocoons,Core,Bodyweight,Pull,Strength,Beginner,Upper
Concentration Curls,Arms,Dumbbell,Isolation,Hypertrophy,Beginner,Upper
Cross-Body Crunch,Core,Bodyweight,Flexion,Strength,Beginner,Upper
Cross Body Hammer Curl,Arms,Dumbbell,Isolation,Hypertrophy,Beginner,Upper
Cross Over - With Bands,Full Body,Resistance Band,Push,Strength,Beginner,Upper
Crunch - Legs On Exercise Ball,Core,Bodyweight,Flexion,Hypertrophy,Beginner,Upper
Crunches,Core,Bodyweight,Flexion,Hypertrophy,Beginner,Upper
Cuban Press,"Shoulders,Traps",Dumbbell,Push,Strength,Intermediate,Upper
Dead Bug,Core,Bodyweight,Pull,Strength,Beginner,Upper
Deadlift with Bands,Full Body,Barbell,Hinge,Strength,Advanced,Other
Deadlift with Chains,Full Body,Barbell,Hinge,Strength,Advanced,Other
Decline Barbell Bench Press,Full Body,Barbell,Push,Strength,Beginner,Upper
Decline Close-Grip Bench To Skull Crusher,Full Body,Barbell,Push,Strength,Intermediate,Upper
Decline Crunch,Core,Bodyweight,Flexion,Hypertrophy,Intermediate,Upper
Decline Dumbbell Bench Press,Full Body,Dumbbell,Push,Strength,Beginner,Upper
Decline Dumbbell Flyes,Chest,Dumbbell,Isolation,Strength,Beginner,Upper
Decline Dumbbell Triceps Extension,Triceps,Dumbbell,Isolation,Hypertrophy,Beginner,Upper
Decline EZ Bar Triceps Extension,Triceps,Barbell,Isolation,Hypertrophy,Beginner,Upper
Decline Oblique Crunch,Core,Bodyweight,Flexion,Strength,Beginner,Upper
Decline Push-Up,Full Body,Bodyweight,Push,Strength,Beginner,Upper
Decline Reverse Crunch,Core,Bodyweight,Flexion,Strength,Beginner,Upper
Decline Smith Press,Full Body,Machine,Push,Strength,Beginner,Upper
Deficit Deadlift,Full Body,Barbell,Hinge,Strength,Intermediate,Other
Dip Machine,Full Body,Machine,Pull,Strength,Beginner,Upper
Dips - Triceps Version,Full Body,Bodyweight,Push,Strength,Beginner,Upper
Double Kettlebell Alternating Hang Clean,Full Body,Kettlebell,Pull,Strength,Intermediate,Lower
Double Kettlebell Jerk,Full Body,Kettlebell,Push,Strength,Intermediate,Upper
Double Kettlebell Push Press,Full Body,Kettlebell,Push,Strength,Intermediate,Upper
Double Kettlebell Snatch,Full Body,Kettlebell,Pull,Strength,Advanced,Upper
Double Kettlebell Windmill,Full Body,Kettlebell,Pull,Strength,Intermediate,Upper
Double Leg Butt Kick,Full Body,Bodyweight,Push,Plyometric,Beginner,Lower
Drag Curl,Arms,Barbell,Isolation,Strength,Intermediate,Upper
Drop Push,Full Body,Other,Push,Plyometric,Intermediate,Upper
Dumbbell Alternate Bicep Curl,Arms,Dumbbell,Isolation,Hypertrophy,Beginner,Upper
Dumbbell Bench Press,Full Body,Dumbbell,Push,Strength,Beginner,Upper
Dumbbell Bench Press with Neutral Grip,Full Body,Dumbbell,Push,Strength,Beginner,Upper
Dumbbell Bicep Curl,Arms,Dumbbell,Isolation,Hypertrophy,Beginner,Upper
Dumbbell Clean,Full Body,Dumbbell,Pull,Strength,Intermediate,Lower
Dumbbell Floor Press,Full Body,Dumbbell,Push,Strength,Intermediate,Upper
Dumbbell Flyes,Chest,Dumbbell,Isolation,Hypertrophy,Beginner,Upper
Dumbbell Incline Row,Full Body,Dumbbell,Pull,Strength,Beginner,Upper
Dumbbell Incline Shoulder Raise,"Shoulders,Triceps",Dumbbell,Isolation,Hypertrophy,Beginner,Upper
Dumbbell Lunges,Full Body,Dumbbell,Lunge,Strength,Beginner,Lower
Dumbbell Lying Pronation,Arms,Dumbbell,Pull,Hypertrophy,Intermediate,Upper
Dumbbell Lying Supination,Arms,Dumbbell,Pull,Hypertrophy,Intermediate,Upper
Dumbbell One-Arm Shoulder Press,"Shoulders,Triceps",Dumbbell,Push,Strength,Intermediate,Upper
Dumbbell One-Arm Triceps Extension,Triceps,Dumbbell,Isolation,Hypertrophy,Intermediate,Upper
Dumbbell One-Arm Upright Row,Full Body,Dumbbell,Pull,Strength,Intermediate,Upper
Dumbbell Prone Incline Curl,Arms,Dumbbell,Isolation,Hypertrophy,Intermediate,Upper
Dumbbell Raise,"Arms,Shoulders",Dumbbell,Isolation,Strength,Beginner,Upper
Dumbbell Rear Lunge,Full Body,Dumbbell,Lunge,Strength,Intermediate,Lower
Dumbbell Scaption,"Shoulders,Traps",Dumbbell,Push,Hypertrophy,Beginner,Upper
Dumbbell Seated One-Leg Calf Raise,Calves,Dumbbell,Isolation,Hypertrophy,Beginner,Lower
Dumbbell Shoulder Press,"Shoulders,Triceps",Dumbbell,Push,Strength,Intermediate,Upper
Dumbbell Shrug,Traps,Dumbbell,Pull,Hypertrophy,Beginner,Upper
Dumbbell Squat,Full Body,Dumbbell,Squat,Strength,Beginner,Lower
Dumbbell Squat To A Bench,Full Body,Dumbbell,Squat,Strength,Intermediate,Lower
Dumbbell Step Ups,Full Body,Dumbbell,Lunge,Strength,Intermediate,Lower
Dumbbell Tricep Extension -Pronated Grip,Triceps,Dumbbell,Isolation,Hypertrophy,Beginner,Upper
EZ-Bar Curl,Arms,Barbell,Isolation,Hypertrophy,Beginner,Upper
EZ-Bar Skullcrusher,"Arms,Triceps",Barbell,Push,Hypertrophy,Beginner,Upper
Elbow to Knee,Core,Bodyweight,Pull,Strength,Beginner,Upper
Elevated Back Lunge,Full Body,Barbell,Lunge,Strength,Intermediate,Lower
Elevated Cable Rows,"Back,Traps",Cable,Pull,Strength,Intermediate,Upper
Exercise Ball Pull-In,Core,Exercise Ball,Pull,Strength,Beginner,Upper
Extended Range One-Arm Kettlebell Floor Press,Full Body,Kettlebell,Push,Strength,Beginner,Upper
External Rotation,Shoulders,Dumbbell,Pull,Hypertrophy,Beginner,Upper
Face Pull,"Back,Shoulders",Cable,Pull,Strength,Intermediate,Upper
Farmer's Walk,Full Body,Other,Carry,Conditioning,Intermediate,Upper
Fast Skipping,Full Body,Bodyweight,Push,Plyometric,Beginner,Lower
Finger Curls,Arms,Barbell,Isolation,Hypertrophy,Beginner,Upper
Flat Bench Cable Flyes,Chest,Cable,Pull,Hypertrophy,Intermediate,Upper
Flat Bench Leg Pull-In,Core,Bodyweight,Pull,Strength,Beginner,Upper
Flat Bench Lying Leg Raise,Core,Bodyweight,Pull,Hypertrophy,Beginner,Upper
Flexor Incline Dumbbell Curls,Arms,Dumbbell,Isolation,Hypertrophy,Beginner,Upper
Floor Glute-Ham Raise,Full Body,Bodyweight,Isolation,Hypertrophy,Intermediate,Lower
Floor Press,Full Body,Barbell,Push,Strength,Intermediate,Upper
Floor Press with Chains,Full Body,Barbell,Push,Strength,Intermediate,Upper
Flutter Kicks,"Glutes,Hamstrings",Bodyweight,Pull,Strength,Beginner,Lower
Frankenstein Squat,Full Body,Barbell,Squat,Power,Advanced,Lower
Frog Sit-Ups,Core,Bodyweight,Flexion,Hypertrophy,Intermediate,Upper
Front Barbell Squat,Full Body,Barbell,Squat,Strength,Advanced,Lower
Front Barbell Squat To A Bench,Full Body,Barbell,Squat,Strength,Advanced,Lower
Front Cable Raise,Shoulders,Cable,Isolation,Hypertrophy,Beginner,Upper
Front Dumbbell Raise,Shoulders,Dumbbell,Isolation,Hypertrophy,Beginner,Upper
Front Incline Dumbbell Raise,Shoulders,Dumbbell,Isolation,Hypertrophy,Beginner,Upper
Front Plate Raise,Shoulders,Other,Pull,Hypertrophy,Intermediate,Upper
Front Raise And Pullover,Full Body,Barbell,Pull,Strength,Beginner,Upper
Front Squat (Clean Grip),Full Body,Barbell,Squat,Strength,Intermediate,Lower
Front Squats With Two Kettlebells,Full Body,Kettlebell,Squat,Strength,Intermediate,Lower
Front Two-Dumbbell Raise,Shoulders,Dumbbell,Isolation,Hypertrophy,Beginner,Upper
Full Range-Of-Motion Lat Pulldown,Full Body,Cable,Pull,Strength,Intermediate,Upper
Glute Kickback,"Glutes,Hamstrings",Bodyweight,Push,Strength,Beginner,Lower
Goblet Squat,Full Body,Kettlebell,Squat,Strength,Beginner,Lower
Good Morning,Full Body,Barbell,Hinge,Strength,Intermediate,Lower
Good Morning off Pins,Full Body,Barbell,Hinge,Strength,Intermediate,Lower
Gorilla Chin/Crunch,Full Body,Bodyweight,Pull,Strength,Intermediate,Upper
Hack Squat,Full Body,Machine,Squat,Strength,Beginner,Lower
Hammer Curls,Arms,Dumbbell,Isolation,Hypertrophy,Beginner,Upper
Hammer Grip Incline DB Bench Press,Full Body,Dumbbell,Push,Strength,Beginner,Upper
Handstand Push-Ups,"Shoulders,Triceps",Bodyweight,Push,Strength,Advanced,Upper
Hang Clean,Full Body,Barbell,Olympic,Power,Advanced,Lower
Hang Clean - Below the Knees,Full Body,Barbell,Olympic,Power,Advanced,Lower
Hang Snatch,Full Body,Barbell,Olympic,Power,Advanced,Lower
Hang Snatch - Below Knees,Full Body,Barbell,Olympic,Power,Advanced,Lower
Hanging Bar Good Morning,Full Body,Barbell,Hinge,Strength,Intermediate,Lower
Hanging Pike,Core,Bodyweight,Pull,Strength,Advanced,Upper
Heaving Snatch Balance,Full Body,Barbell,Olympic,Power,Advanced,Lower
Hip Extension with Bands,"Glutes,Hamstrings",Resistance Band,Isolation,Strength,Beginner,Lower
Hip Flexion with Band,Legs,Resistance Band,Pull,Strength,Beginner,Lower
Hip Lift with Band,Full Body,Resistance Band,Push,Strength,Beginner,Lower
Incline Barbell Triceps Extension,"Arms,Triceps",Barbell,Isolation,Hypertrophy,Intermediate,Upper
Incline Bench Pull,"Back,Shoulders",Barbell,Pull,Hypertrophy,Beginner,Upper
Incline Cable Chest Press,Full Body,Cable,Push,Strength,Beginner,Upper
Incline Cable Flye,"Chest,Shoulders",Cable,Isolation,Hypertrophy,Intermediate,Upper
Incline Dumbbell Bench With Palms Facing In,Full Body,Dumbbell,Push,Strength,Beginner,Upper
Incline Dumbbell Curl,Arms,Dumbbell,Isolation,Hypertrophy,Beginner,Upper
Incline Dumbbell Flyes,"Chest,Shoulders",Dumbbell,Isolation,Strength,Beginner,Upper
Incline Dumbbell Flyes - With A Twist,"Chest,Shoulders",Dumbbell,Isolation,Strength,Beginner,Upper
Incline Dumbbell Press,Full Body,Dumbbell,Push,Strength,Beginner,Upper
Incline Hammer Curls,Arms,Dumbbell,Isolation,Hypertrophy,Beginner,Upper
Incline Inner Biceps Curl,Arms,Dumbbell,Isolation,Hypertrophy,Beginner,Upper
Incline Push-Up,Full Body,Bodyweight,Push,Strength,Beginner,Upper
Incline Push-Up Close-Grip,Full Body,Bodyweight,Push,Strength,Beginner,Upper
Incline Push-Up Medium,Full Body,Bodyweight,Push,Strength,Beginner,Upper
Incline Push-Up Reverse Grip,Full Body,Bodyweight,Push,Strength,Beginner,Upper
Incline Push-Up Wide,Full Body,Bodyweight,Push,Strength,Beginner,Upper
Inverted Row,Back,Bodyweight,Pull,Strength,Beginner,Upper
Iron Cross,Full Body,Dumbbell,Push,Strength,Intermediate,Upper
Isometric Chest Squeezes,Full Body,Bodyweight,Static Hold,Plyometric,Beginner,Upper
Isometric Neck Exercise - Front And Back,Neck,Bodyweight,Static Hold,Hypertrophy,Beginner,Other
Isometric Neck Exercise - Sides,Neck,Bodyweight,Static Hold,Hypertrophy,Beginner,Other
Isometric Wipers,Full Body,Bodyweight,Push,Strength,Beginner,Upper
Jackknife Sit-Up,Core,Bodyweight,Flexion,Strength,Beginner,Upper
Janda Sit-Up,Core,Bodyweight,Flexion,Hypertrophy,Beginner,Upper
Jefferson Squats,Full Body,Barbell,Squat,Strength,Intermediate,Lower
Jerk Balance,Full Body,Barbell,Olympic,Power,Advanced,Upper
Jerk Dip Squat,Full Body,Barbell,Squat,Power,Advanced,Lower
Kettlebell Arnold Press,"Shoulders,Triceps",Kettlebell,Push,Strength,Intermediate,Upper
Kettlebell Dead Clean,Full Body,Kettlebell,Pull,Strength,Intermediate,Lower
Kettlebell Figure 8,Full Body,Kettlebell,Pull,Strength,Intermediate,Upper
Kettlebell Hang Clean,Full Body,Kettlebell,Pull,Strength,Intermediate,Lower
Kettlebell One-Legged Deadlift,Full Body,Kettlebell,Hinge,Strength,Intermediate,Lower
Kettlebell Pass Between The Legs,Full Body,Kettlebell,Pull,Strength,Intermediate,Upper
Kettlebell Pirate Ships,"Core,Shoulders",Kettlebell,Push,Strength,Beginner,Upper
Kettlebell Pistol Squat,Full Body,Kettlebell,Squat,Strength,Advanced,Lower
Kettlebell Seated Press,"Shoulders,Triceps",Kettlebell,Push,Strength,Intermediate,Upper
Kettlebell Seesaw Press,"Shoulders,Triceps",Kettlebell,Push,Strength,Intermediate,Upper
Kettlebell Sumo High Pull,Full Body,Kettlebell,Pull,Strength,Intermediate,Upper
Kettlebell Thruster,Full Body,Kettlebell,Push,Strength,Intermediate,Upper
Kettlebell Turkish Get-Up (Lunge style),Full Body,Kettlebell,Lunge,Strength,Intermediate,Upper
Kettlebell Turkish Get-Up (Squat style),Full Body,Kettlebell,Squat,Strength,Intermediate,Upper
Kettlebell Windmill,Full Body,Kettlebell,Pull,Strength,Intermediate,Upper
Knee/Hip Raise On Parallel Bars,Core,Other,Isolation,Hypertrophy,Beginner,Upper
Kneeling Cable Crunch With Alternating Oblique Twists,Core,Cable,Flexion,Hypertrophy,Beginner,Upper
Kneeling Cable Triceps Extension,Triceps,Cable,Isolation,Hypertrophy,Intermediate,Upper
Kneeling High Pulley Row,"Arms,Back",Cable,Pull,Strength,Beginner,Upper
Kneeling Single-Arm High Pulley Row,"Arms,Back",Cable,Pull,Strength,Beginner,Upper
Kneeling Squat,Full Body,Barbell,Squat,Strength,Intermediate,Lower
Landmine 180's,Full Body,Barbell,Pull,Strength,Beginner,Upper
Landmine Linear Jammer,Full Body,Barbell,Push,Strength,Intermediate,Upper
Leg-Over Floor Press,Full Body,Kettlebell,Push,Strength,Intermediate,Upper
Leg Extensions,Legs,Machine,Isolation,Hypertrophy,Beginner,Lower
Leg Lift,"Glutes,Hamstrings",Bodyweight,Push,Hypertrophy,Beginner,Lower
Leg Press,Full Body,Machine,Squat,Strength,Beginner,Lower
Leverage Chest Press,Full Body,Machine,Push,Strength,Beginner,Upper
Leverage Deadlift,Full Body,Machine,Hinge,Strength,Beginner,Lower
Leverage Decline Chest Press,Full Body,Machine,Push,Strength,Beginner,Upper
Leverage High Row,Back,Machine,Pull,Strength,Beginner,Upper
Leverage Incline Chest Press,Full Body,Machine,Push,Strength,Beginner,Upper
Leverage Iso Row,"Arms,Back",Machine,Pull,Strength,Beginner,Upper
Leverage Shoulder Press,"Shoulders,Triceps",Machine,Push,Strength,Beginner,Upper
Leverage Shrug,"Arms,Traps",Machine,Pull,Hypertrophy,Beginner,Upper
Low Cable Crossover,"Chest,Shoulders",Cable,Push,Hypertrophy,Beginner,Upper
Low Cable Triceps Extension,Triceps,Cable,Isolation,Hypertrophy,Beginner,Upper
Low Pulley Row To Neck,Full Body,Cable,Pull,Strength,Beginner,Upper
Lunge Pass Through,Full Body,Kettlebell,Lunge,Strength,Intermediate,Lower
Lying Cable Curl,Arms,Cable,Isolation,Hypertrophy,Intermediate,Upper
Lying Cambered Barbell Row,Full Body,Barbell,Pull,Hypertrophy,Beginner,Upper
Lying Close-Grip Bar Curl On High Pulley,Arms,Cable,Pull,Hypertrophy,Beginner,Upper
Lying Close-Grip Barbell Triceps Extension Behind The Head,Triceps,Barbell,Isolation,Hypertrophy,Intermediate,Upper
Lying Close-Grip Barbell Triceps Press To Chin,Triceps,Barbell,Push,Hypertrophy,Intermediate,Upper
Lying Dumbbell Tricep Extension,Full Body,Dumbbell,Isolation,Hypertrophy,Intermediate,Upper
Lying High Bench Barbell Curl,Arms,Barbell,Isolation,Hypertrophy,Intermediate,Upper
Lying Machine Squat,Full Body,Machine,Squat,Strength,Intermediate,Lower
Lying Rear Delt Raise,Shoulders,Dumbbell,Isolation,Hypertrophy,Intermediate,Upper
Lying Supine Dumbbell Curl,Arms,Dumbbell,Isolation,Hypertrophy,Beginner,Upper
Lying T-Bar Row,"Arms,Back",Machine,Pull,Strength,Intermediate,Upper
Lying Triceps Press,Triceps,Barbell,Push,Hypertrophy,Intermediate,Upper
Machine Bench Press,Full Body,Machine,Push,Strength,Beginner,Upper
Machine Bicep Curl,Arms,Machine,Pull,Hypertrophy,Beginner,Upper
Machine Preacher Curls,Arms,Machine,Pull,Hypertrophy,Beginner,Upper
Machine Shoulder (Military) Press,"Shoulders,Triceps",Machine,Push,Strength,Beginner,Upper
Machine Triceps Extension,Triceps,Machine,Pull,Hypertrophy,Beginner,Upper
Medicine Ball Chest Pass,Full Body,Medicine Ball,Push,Plyometric,Beginner,Upper
Medicine Ball Full Twist,"Core,Shoulders",Medicine Ball,Flexion,Plyometric,Beginner,Upper
Medicine Ball Scoop Throw,Full Body,Medicine Ball,Pull,Plyometric,Beginner,Upper
Middle Back Shrug,Back,Dumbbell,Pull,Hypertrophy,Intermediate,Upper
Monster Walk,Glutes,Resistance Band,Carry,Conditioning,Beginner,Lower
Muscle Snatch,Full Body,Barbell,Olympic,Power,Advanced,Lower
Narrow Stance Hack Squats,Full Body,Machine,Squat,Strength,Intermediate,Lower
Narrow Stance Leg Press,Full Body,Machine,Squat,Strength,Intermediate,Lower
Narrow Stance Squats,Full Body,Barbell,Squat,Strength,Intermediate,Lower
Natural Glute Ham Raise,Full Body,Bodyweight,Isolation,Strength,Intermediate,Lower
Neck Press,Full Body,Barbell,Push,Strength,Intermediate,Upper
Oblique Crunches,Core,Bodyweight,Flexion,Hypertrophy,Beginner,Upper
Oblique Crunches - On The Floor,Core,Bodyweight,Flexion,Hypertrophy,Beginner,Upper
Olympic Squat,Full Body,Barbell,Squat,Power,Advanced,Lower
One-Arm Dumbbell Row,Full Body,Dumbbell,Pull,Strength,Beginner,Upper
One-Arm Flat Bench Dumbbell Flye,Chest,Dumbbell,Pull,Hypertrophy,Beginner,Upper
One-Arm High-Pulley Cable Side Bends,Core,Cable,Pull,Hypertrophy,Beginner,Upper
One-Arm Kettlebell Clean,Full Body,Kettlebell,Pull,Strength,Intermediate,Lower
One-Arm Kettlebell Clean and Jerk,Shoulders,Kettlebell,Push,Strength,Intermediate,Upper
One-Arm Kettlebell Floor Press,"Chest,Triceps",Kettlebell,Push,Strength,Intermediate,Upper
One-Arm Kettlebell Jerk,Full Body,Kettlebell,Push,Strength,Intermediate,Upper
One-Arm Kettlebell Military Press To The Side,"Shoulders,Triceps",Kettlebell,Push,Strength,Intermediate,Upper
One-Arm Kettlebell Para Press,"Shoulders,Triceps",Kettlebell,Push,Strength,Intermediate,Upper
One-Arm Kettlebell Push Press,Full Body,Kettlebell,Push,Strength,Intermediate,Upper
One-Arm Kettlebell Row,"Arms,Back",Kettlebell,Pull,Strength,Intermediate,Upper
One-Arm Kettlebell Snatch,Full Body,Kettlebell,Pull,Strength,Advanced,Upper
One-Arm Kettlebell Split Jerk,Full Body,Kettlebell,Push,Strength,Intermediate,Upper
One-Arm Kettlebell Split Snatch,Full Body,Kettlebell,Pull,Strength,Advanced,Upper
One-Arm Kettlebell Swings,Full Body,Kettlebell,Pull,Strength,Intermediate,Lower
One-Arm Long Bar Row,"Arms,Back",Barbell,Pull,Strength,Beginner,Upper
One-Arm Medicine Ball Slam,Full Body,Medicine Ball,Pull,Strength,Beginner,Upper
One-Arm Open Palm Kettlebell Clean,Full Body,Kettlebell,Pull,Strength,Intermediate,Lower
One-Arm Overhead Kettlebell Squats,Full Body,Kettlebell,Squat,Strength,Advanced,Lower
One-Arm Side Deadlift,Full Body,Barbell,Hinge,Strength,Advanced,Lower
One-Legged Cable Kickback,"Glutes,Hamstrings",Cable,Push,Hypertrophy,Intermediate,Lower
One Arm Dumbbell Bench Press,Full Body,Dumbbell,Push,Strength,Beginner,Upper
One Arm Floor Press,Full Body,Barbell,Push,Strength,Intermediate,Upper
One Arm Lat Pulldown,"Arms,Back",Cable,Pull,Strength,Beginner,Upper
One Arm Pronated Dumbbell Triceps Extension,Triceps,Dumbbell,Isolation,Hypertrophy,Beginner,Upper
One Arm Supinated Dumbbell Triceps Extension,Triceps,Dumbbell,Isolation,Hypertrophy,Beginner,Upper
One Leg Barbell Squat,Full Body,Barbell,Squat,Strength,Advanced,Lower
Open Palm Kettlebell Clean,Full Body,Kettlebell,Pull,Strength,Advanced,Lower
Otis-Up,Full Body,Other,Pull,Strength,Beginner,Upper
Overhead Cable Curl,Arms,Cable,Isolation,Hypertrophy,Intermediate,Upper
Overhead Slam,Back,Medicine Ball,Pull,Plyometric,Beginner,Upper
Overhead Squat,Full Body,Barbell,Squat,Power,Advanced,Lower
Pallof Press,Full Body,Cable,Push,Hypertrophy,Beginner,Upper
Palms-Down Dumbbell Wrist Curl Over A Bench,Arms,Dumbbell,Isolation,Hypertrophy,Beginner,Upper
Palms-Down Wrist Curl Over A Bench,Arms,Barbell,Isolation,Hypertrophy,Beginner,Upper
Palms-Up Barbell Wrist Curl Over A Bench,Arms,Barbell,Isolation,Hypertrophy,Beginner,Upper
Palms-Up Dumbbell Wrist Curl Over A Bench,Arms,Dumbbell,Isolation,Hypertrophy,Beginner,Upper
Parallel Bar Dip,Full Body,Other,Push,Strength,Beginner,Upper
Physioball Hip Bridge,"Glutes,Hamstrings",Exercise Ball,Push,Strength,Beginner,Lower
Pin Presses,Full Body,Barbell,Push,Strength,Intermediate,Upper
Plank,Core,Bodyweight,Static Hold,Hypertrophy,Beginner,Upper
Plate Pinch,Arms,Other,Pull,Hypertrophy,Intermediate,Upper
Plate Twist,Core,Other,Pull,Strength,Intermediate,Upper
Plie Dumbbell Squat,Full Body,Dumbbell,Squat,Strength,Beginner,Lower
Plyo Kettlebell Pushups,Full Body,Kettlebell,Push,Strength,Advanced,Upper
Plyo Push-up,Full Body,Bodyweight,Push,Plyometric,Beginner,Upper
Power Clean,Full Body,Barbell,Pull,Strength,Intermediate,Lower
Power Clean from Blocks,"Hamstrings,Legs",Barbell,Olympic,Power,Advanced,Lower
Power Jerk,Full Body,Barbell,Olympic,Power,Advanced,Lower
Power Partials,Shoulders,Dumbbell,Push,Hypertrophy,Beginner,Upper
Power Snatch,Full Body,Barbell,Olympic,Power,Advanced,Lower
Power Snatch from Blocks,Full Body,Barbell,Olympic,Power,Advanced,Lower
Preacher Curl,Arms,Barbell,Isolation,Hypertrophy,Beginner,Upper
Press Sit-Up,Full Body,Barbell,Push,Strength,Advanced,Upper
Pull Through,Full Body,Cable,Pull,Strength,Beginner,Lower
Pullups,"Arms,Back",Bodyweight,Pull,Strength,Beginner,Upper
Push-Up Wide,Full Body,Bodyweight,Push,Strength,Beginner,Upper
Push-Ups - Close Triceps Position,Full Body,Bodyweight,Push,Strength,Intermediate,Upper
Push-Ups With Feet Elevated,Full Body,Bodyweight,Push,Strength,Beginner,Upper
Push-Ups With Feet On An Exercise Ball,Full Body,Exercise Ball,Push,Strength,Intermediate,Upper
Push Press,Full Body,Barbell,Push,Power,Advanced,Upper
Push Press - Behind the Neck,Full Body,Barbell,Push,Power,Advanced,Upper
Push Up to Side Plank,Full Body,Bodyweight,Push,Strength,Beginner,Upper
Pushups,Full Body,Bodyweight,Push,Strength,Beginner,Upper
Pushups (Close and Wide Hand Positions),Full Body,Bodyweight,Push,Strength,Beginner,Upper
Rack Delivery,Full Body,Barbell,Olympic,Power,Advanced,Upper
Rack Pull with Bands,Full Body,Barbell,Pull,Strength,Intermediate,Other
Rack Pulls,Full Body,Barbell,Pull,Strength,Intermediate,Other
Return Push from Stance,Full Body,Medicine Ball,Push,Plyometric,Beginner,Upper
Reverse Band Bench Press,Full Body,Barbell,Push,Strength,Intermediate,Upper
Reverse Band Box Squat,Full Body,Barbell,Squat,Strength,Intermediate,Lower
Reverse Band Deadlift,Full Body,Barbell,Hinge,Strength,Advanced,Other
Reverse Band Power Squat,Full Body,Barbell,Squat,Strength,Advanced,Lower
Reverse Band Sumo Deadlift,Full Body,Barbell,Hinge,Strength,Advanced,Lower
Reverse Barbell Curl,Arms,Barbell,Isolation,Hypertrophy,Beginner,Upper
Reverse Barbell Preacher Curls,Arms,Barbell,Isolation,Hypertrophy,Intermediate,Upper
Reverse Cable Curl,Arms,Cable,Isolation,Hypertrophy,Beginner,Upper
Reverse Crunch,Core,Bodyweight,Flexion,Hypertrophy,Beginner,Upper
Reverse Flyes,Shoulders,Dumbbell,Isolation,Hypertrophy,Beginner,Upper
Reverse Flyes With External Rotation,Shoulders,Dumbbell,Isolation,Hypertrophy,Intermediate,Upper
Reverse Grip Bent-Over Rows,Full Body,Barbell,Pull,Strength,Intermediate,Upper
Reverse Grip Triceps Pushdown,Triceps,Cable,Push,Hypertrophy,Beginner,Upper
Reverse Machine Flyes,Shoulders,Machine,Pull,Hypertrophy,Beginner,Upper
Reverse Plate Curls,Arms,Other,Pull,Hypertrophy,Beginner,Upper
Reverse Triceps Bench Press,Full Body,Barbell,Push,Strength,Intermediate,Upper
Ring Dips,Full Body,Other,Push,Strength,Intermediate,Upper
Rocking Standing Calf Raise,Calves,Barbell,Isolation,Hypertrophy,Beginner,Lower
Romanian Deadlift,Full Body,Barbell,Hinge,Strength,Intermediate,Lower
Rope Crunch,Core,Cable,Flexion,Hypertrophy,Beginner,Upper
Rope Straight-Arm Pulldown,Back,Cable,Pull,Hypertrophy,Beginner,Upper
Russian Twist,"Back,Core",Bodyweight,Flexion,Strength,Intermediate,Upper
Sandbag Load,Full Body,Other,Pull,Conditioning,Beginner,Lower
Scapular Pull-Up,"Back,Traps",Bodyweight,Pull,Hypertrophy,Beginner,Upper
Seated Barbell Military Press,"Shoulders,Triceps",Barbell,Push,Strength,Intermediate,Upper
Seated Barbell Twist,Core,Barbell,Flexion,Hypertrophy,Beginner,Upper
Seated Bent-Over One-Arm Dumbbell Triceps Extension,Triceps,Dumbbell,Isolation,Hypertrophy,Beginner,Upper
Seated Bent-Over Rear Delt Raise,Shoulders,Dumbbell,Isolation,Hypertrophy,Intermediate,Upper
Seated Bent-Over Two-Arm Dumbbell Triceps Extension,Triceps,Dumbbell,Isolation,Hypertrophy,Intermediate,Upper
Seated Cable Rows,Full Body,Cable,Pull,Strength,Beginner,Upper
Seated Cable Shoulder Press,"Shoulders,Triceps",Cable,Push,Strength,Beginner,Upper
Seated Calf Raise,Calves,Machine,Isolation,Hypertrophy,Beginner,Lower
Seated Close-Grip Concentration Barbell Curl,Arms,Barbell,Isolation,Hypertrophy,Intermediate,Upper
Seated Dumbbell Curl,Arms,Dumbbell,Isolation,Hypertrophy,Beginner,Upper
Seated Dumbbell Inner Biceps Curl,Arms,Dumbbell,Isolation,Hypertrophy,Beginner,Upper
Seated Dumbbell Palms-Down Wrist Curl,Arms,Dumbbell,Isolation,Hypertrophy,Beginner,Upper
Seated Dumbbell Palms-Up Wrist Curl,Arms,Dumbbell,Isolation,Hypertrophy,Beginner,Upper
Seated Dumbbell Press,"Shoulders,Triceps",Dumbbell,Push,Strength,Beginner,Upper
Seated Good Mornings,"Back,Glutes",Barbell,Hinge,Strength,Intermediate,Other
Seated Leg Curl,Hamstrings,Machine,Isolation,Hypertrophy,Beginner,Lower
Seated One-Arm Dumbbell Palms-Down Wrist Curl,Arms,Dumbbell,Isolation,Hypertrophy,Intermediate,Upper
Seated One-Arm Dumbbell Palms-Up Wrist Curl,Arms,Dumbbell,Isolation,Hypertrophy,Beginner,Upper
Seated One-arm Cable Pulley Rows,Full Body,Cable,Pull,Strength,Intermediate,Upper
Seated Palm-Up Barbell Wrist Curl,Arms,Barbell,Isolation,Hypertrophy,Beginner,Upper
Seated Palms-Down Barbell Wrist Curl,Arms,Barbell,Isolation,Hypertrophy,Beginner,Upper
Seated Triceps Press,Triceps,Dumbbell,Push,Hypertrophy,Beginner,Upper
Seated Two-Arm Palms-Up Low-Pulley Wrist Curl,Arms,Cable,Pull,Hypertrophy,Beginner,Upper
See-Saw Press (Alternating Side Press),Full Body,Dumbbell,Push,Strength,Intermediate,Upper
Shotgun Row,"Arms,Back",Cable,Pull,Strength,Beginner,Upper
Shoulder Press - With Bands,"Shoulders,Triceps",Resistance Band,Push,Strength,Beginner,Upper
Side Bridge,"Core,Shoulders",Bodyweight,Static Hold,Strength,Beginner,Upper
Side Jackknife,Core,Bodyweight,Pull,Strength,Beginner,Upper
Side to Side Box Shuffle,Full Body,Other,Push,Plyometric,Beginner,Lower
Single-Arm Cable Crossover,Chest,Cable,Push,Hypertrophy,Beginner,Upper
Single-Arm Linear Jammer,Full Body,Barbell,Push,Strength,Intermediate,Upper
Single-Arm Push-Up,Full Body,Bodyweight,Push,Strength,Intermediate,Upper
Single-Leg High Box Squat,Full Body,Other,Squat,Strength,Beginner,Lower
Single-Leg Leg Extension,Legs,Machine,Isolation,Hypertrophy,Beginner,Lower
Single Dumbbell Raise,Full Body,Dumbbell,Isolation,Hypertrophy,Beginner,Upper
Single Leg Butt Kick,Full Body,Bodyweight,Push,Plyometric,Beginner,Lower
Single Leg Glute Bridge,"Glutes,Hamstrings",Bodyweight,Push,Hypertrophy,Beginner,Lower
Single Leg Push-off,Full Body,Other,Push,Plyometric,Beginner,Lower
Sit-Up,Core,Bodyweight,Flexion,Hypertrophy,Beginner,Upper
Sled Drag - Harness,Full Body,Other,Push,Conditioning,Beginner,Lower
Sled Overhead Backward Walk,Full Body,Other,Carry,Conditioning,Beginner,Upper
Sled Overhead Triceps Extension,Triceps,Other,Isolation,Hypertrophy,Beginner,Upper
Sled Push,Full Body,Other,Push,Conditioning,Beginner,Lower
Sled Reverse Flye,Shoulders,Other,Isolation,Hypertrophy,Beginner,Upper
Sled Row,"Arms,Back",Other,Pull,Strength,Beginner,Upper
Smith Incline Shoulder Raise,"Chest,Shoulders",Barbell,Isolation,Hypertrophy,Beginner,Upper
Smith Machine Behind the Back Shrug,"Shoulders,Traps",Machine,Pull,Hypertrophy,Beginner,Upper
Smith Machine Bench Press,Full Body,Machine,Push,Strength,Beginner,Upper
Smith Machine Bent Over Row,Full Body,Machine,Pull,Strength,Beginner,Upper
Smith Machine Calf Raise,Calves,Machine,Pull,Hypertrophy,Beginner,Lower
Smith Machine Close-Grip Bench Press,Full Body,Machine,Push,Strength,Beginner,Upper
Smith Machine Decline Press,Full Body,Machine,Push,Strength,Beginner,Upper
Smith Machine Hang Power Clean,Full Body,Machine,Pull,Strength,Intermediate,Lower
Smith Machine Hip Raise,Core,Machine,Pull,Hypertrophy,Beginner,Upper
Smith Machine Incline Bench Press,Full Body,Machine,Push,Strength,Beginner,Upper
Smith Machine Leg Press,Full Body,Machine,Squat,Strength,Intermediate,Lower
Smith Machine One-Arm Upright Row,Full Body,Machine,Pull,Strength,Beginner,Upper
Smith Machine Overhead Shoulder Press,"Shoulders,Triceps",Machine,Push,Strength,Beginner,Upper
Smith Machine Pistol Squat,Full Body,Machine,Squat,Strength,Intermediate,Lower
Smith Machine Reverse Calf Raises,Calves,Machine,Pull,Hypertrophy,Beginner,Lower
Smith Machine Squat,Full Body,Machine,Squat,Strength,Beginner,Lower
Smith Machine Stiff-Legged Deadlift,Full Body,Machine,Hinge,Strength,Beginner,Lower
Smith Machine Upright Row,Full Body,Machine,Pull,Strength,Beginner,Upper
Smith Single-Leg Split Squat,Full Body,Machine,Squat,Strength,Beginner,Lower
Snatch,Full Body,Barbell,Olympic,Power,Advanced,Lower
Snatch Balance,Full Body,Barbell,Olympic,Power,Advanced,Lower
Snatch Deadlift,Full Body,Barbell,Hinge,Power,Advanced,Lower
Snatch Pull,Full Body,Barbell,Pull,Strength,Intermediate,Lower
Snatch Shrug,Full Body,Barbell,Olympic,Power,Advanced,Upper
Snatch from Blocks,Full Body,Barbell,Olympic,Power,Advanced,Lower
Speed Band Overhead Triceps,Triceps,Resistance Band,Push,Hypertrophy,Beginner,Upper
Speed Box Squat,Full Body,Barbell,Squat,Strength,Intermediate,Lower
Speed Squats,Full Body,Barbell,Squat,Strength,Advanced,Lower
Spell Caster,Full Body,Dumbbell,Pull,Strength,Beginner,Upper
Spider Crawl,Full Body,Bodyweight,Pull,Strength,Beginner,Upper
Spider Curl,Arms,Barbell,Isolation,Hypertrophy,Beginner,Upper
Split Clean,Full Body,Barbell,Olympic,Power,Advanced,Lower
Split Jerk,Full Body,Barbell,Olympic,Power,Advanced,Lower
Split Snatch,Full Body,Barbell,Olympic,Power,Advanced,Lower
Split Squat with Dumbbells,Full Body,Dumbbell,Squat,Strength,Beginner,Lower
Squat Jerk,Full Body,Barbell,Squat,Strength,Advanced,Lower
Squat with Bands,Full Body,Barbell,Squat,Strength,Intermediate,Lower
Squat with Chains,Full Body,Barbell,Squat,Strength,Intermediate,Lower
Squat with Plate Movers,Full Body,Barbell,Squat,Strength,Intermediate,Lower
Squats - With Bands,Full Body,Resistance Band,Squat,Strength,Beginner,Lower
Standing Alternating Dumbbell Press,"Shoulders,Triceps",Dumbbell,Push,Strength,Beginner,Upper
Standing Barbell Calf Raise,Calves,Barbell,Isolation,Hypertrophy,Beginner,Lower
Standing Barbell Press Behind Neck,"Shoulders,Triceps",Barbell,Push,Strength,Intermediate,Upper
Standing Bent-Over One-Arm Dumbbell Triceps Extension,"Shoulders,Triceps",Dumbbell,Isolation,Hypertrophy,Beginner,Upper
Standing Bent-Over Two-Arm Dumbbell Triceps Extension,Triceps,Dumbbell,Isolation,Hypertrophy,Beginner,Upper
Standing Biceps Cable Curl,Arms,Cable,Isolation,Hypertrophy,Beginner,Upper
Standing Bradford Press,"Shoulders,Triceps",Barbell,Push,Strength,Beginner,Upper
Standing Cable Chest Press,Full Body,Cable,Push,Strength,Beginner,Upper
Standing Calf Raises,Calves,Machine,Isolation,Hypertrophy,Beginner,Lower
Standing Concentration Curl,Arms,Dumbbell,Isolation,Hypertrophy,Beginner,Upper
Standing Dumbbell Calf Raise,Calves,Dumbbell,Isolation,Hypertrophy,Intermediate,Lower
Standing Dumbbell Press,"Shoulders,Triceps",Dumbbell,Push,Strength,Beginner,Upper
Standing Dumbbell Reverse Curl,Arms,Dumbbell,Isolation,Hypertrophy,Intermediate,Upper
Standing Dumbbell Straight-Arm Front Delt Raise Above Head,Shoulders,Dumbbell,Isolation,Hypertrophy,Intermediate,Upper
Standing Dumbbell Triceps Extension,Triceps,Dumbbell,Isolation,Hypertrophy,Beginner,Upper
Standing Dumbbell Upright Row,Full Body,Dumbbell,Pull,Strength,Beginner,Upper
Standing Front Barbell Raise Over Head,Shoulders,Barbell,Isolation,Hypertrophy,Intermediate,Upper
Standing Inner-Biceps Curl,Arms,Dumbbell,Isolation,Hypertrophy,Intermediate,Upper
Standing Low-Pulley Deltoid Raise,"Arms,Shoulders",Cable,Pull,Hypertrophy,Beginner,Upper
Standing Low-Pulley One-Arm Triceps Extension,Full Body,Cable,Pull,Hypertrophy,Intermediate,Upper
Standing Military Press,"Shoulders,Triceps",Barbell,Push,Strength,Beginner,Upper
Standing Olympic Plate Hand Squeeze,Arms,Other,Pull,Hypertrophy,Beginner,Upper
Standing One-Arm Cable Curl,Arms,Cable,Isolation,Hypertrophy,Intermediate,Upper
Standing One-Arm Dumbbell Curl Over Incline Bench,Arms,Dumbbell,Isolation,Hypertrophy,Beginner,Upper
Standing One-Arm Dumbbell Triceps Extension,Full Body,Dumbbell,Isolation,Hypertrophy,Beginner,Upper
Standing Overhead Barbell Triceps Extension,"Shoulders,Triceps",Barbell,Isolation,Hypertrophy,Beginner,Upper
Standing Palm-In One-Arm Dumbbell Press,"Shoulders,Triceps",Dumbbell,Push,Strength,Beginner,Upper
Standing Palms-In Dumbbell Press,"Shoulders,Triceps",Dumbbell,Push,Strength,Intermediate,Upper
Standing Palms-Up Barbell Behind The Back Wrist Curl,Arms,Barbell,Isolation,Hypertrophy,Beginner,Upper
Standing Rope Crunch,Core,Cable,Flexion,Hypertrophy,Beginner,Upper
Standing Towel Triceps Extension,Triceps,Bodyweight,Isolation,Hypertrophy,Beginner,Upper
Standing Two-Arm Overhead Throw,Full Body,Medicine Ball,Pull,Plyometric,Beginner,Upper
Step-up with Knee Raise,Full Body,Bodyweight,Lunge,Strength,Beginner,Lower
Stiff-Legged Barbell Deadlift,Full Body,Barbell,Hinge,Strength,Intermediate,Lower
Stiff-Legged Dumbbell Deadlift,Full Body,Dumbbell,Hinge,Strength,Beginner,Lower
Stiff Leg Barbell Good Morning,Full Body,Barbell,Hinge,Strength,Beginner,Other
Straight-Arm Dumbbell Pullover,Full Body,Dumbbell,Pull,Strength,Intermediate,Upper
Straight-Arm Pulldown,Back,Cable,Pull,Hypertrophy,Beginner,Upper
Straight Raises on Incline Bench,"Shoulders,Traps",Barbell,Isolation,Hypertrophy,Beginner,Upper
Sumo Deadlift,Full Body,Barbell,Hinge,Strength,Intermediate,Lower
Sumo Deadlift with Bands,Full Body,Barbell,Hinge,Strength,Intermediate,Lower
Sumo Deadlift with Chains,Full Body,Barbell,Hinge,Strength,Intermediate,Lower
Supine Chest Throw,Full Body,Medicine Ball,Pull,Plyometric,Beginner,Upper
Supine One-Arm Overhead Throw,Full Body,Medicine Ball,Pull,Plyometric,Beginner,Upper
Supine Two-Arm Overhead Throw,Full Body,Medicine Ball,Pull,Plyometric,Beginner,Upper
Svend Press,Full Body,Other,Push,Strength,Beginner,Upper
T-Bar Row with Handle,"Arms,Back",Barbell,Pull,Strength,Beginner,Upper
Tate Press,Full Body,Dumbbell,Push,Hypertrophy,Intermediate,Upper
Thigh Abductor,Glutes,Machine,Push,Hypertrophy,Beginner,Lower
Thigh Adductor,Full Body,Machine,Pull,Hypertrophy,Beginner,Lower
Tire Flip,Full Body,Other,Pull,Conditioning,Intermediate,Lower
Trap Bar Deadlift,Full Body,Other,Hinge,Strength,Beginner,Lower
Tricep Dumbbell Kickback,Triceps,Dumbbell,Push,Hypertrophy,Beginner,Upper
Triceps Overhead Extension with Rope,Triceps,Cable,Isolation,Hypertrophy,Beginner,Upper
Triceps Pushdown,Triceps,Cable,Push,Hypertrophy,Beginner,Upper
Triceps Pushdown - Rope Attachment,Triceps,Cable,Push,Hypertrophy,Beginner,Upper
Triceps Pushdown - V-Bar Attachment,Triceps,Cable,Push,Hypertrophy,Beginner,Upper
Tuck Crunch,Core,Bodyweight,Flexion,Hypertrophy,Beginner,Upper
Two-Arm Kettlebell Clean,Full Body,Kettlebell,Pull,Strength,Intermediate,Upper
Two-Arm Kettlebell Jerk,Full Body,Kettlebell,Push,Strength,Intermediate,Upper
Two-Arm Kettlebell Military Press,"Shoulders,Triceps",Kettlebell,Push,Strength,Intermediate,Upper
Two-Arm Kettlebell Row,"Arms,Back",Kettlebell,Pull,Strength,Intermediate,Upper
Underhand Cable Pulldowns,Full Body,Cable,Pull,Strength,Beginner,Upper
Upright Barbell Row,"Shoulders,Traps",Barbell,Pull,Strength,Beginner,Upper
Upright Cable Row,"Shoulders,Traps",Cable,Pull,Strength,Intermediate,Upper
Upright Row - With Bands,"Shoulders,Traps",Resistance Band,Pull,Strength,Beginner,Upper
V-Bar Pulldown,Full Body,Cable,Pull,Strength,Intermediate,Upper
V-Bar Pullup,Full Body,Bodyweight,Pull,Strength,Beginner,Upper
Vertical Swing,Full Body,Dumbbell,Pull,Plyometric,Beginner,Lower
Weighted Ball Side Bend,Core,Exercise Ball,Pull,Hypertrophy,Intermediate,Upper
Weighted Bench Dip,Full Body,Other,Push,Strength,Intermediate,Upper
Weighted Crunches,Core,Medicine Ball,Flexion,Hypertrophy,Beginner,Upper
Weighted Pull Ups,"Arms,Back",Other,Pull,Strength,Intermediate,Upper
Weighted Sit-Ups - With Bands,Core,Other,Flexion,Hypertrophy,Intermediate,Upper
Weighted Squat,Full Body,Other,Squat,Strength,Intermediate,Lower
Wide-Grip Barbell Bench Press,Full Body,Barbell,Push,Strength,Intermediate,Upper
Wide-Grip Decline Barbell Bench Press,Full Body,Barbell,Push,Strength,Intermediate,Upper
Wide-Grip Decline Barbell Pullover,Full Body,Barbell,Pull,Strength,Intermediate,Upper
Wide-Grip Lat Pulldown,Full Body,Cable,Pull,Strength,Beginner,Upper
Wide-Grip Pulldown Behind The Neck,Full Body,Cable,Pull,Strength,Intermediate,Upper
Wide-Grip Rear Pull-Up,Full Body,Bodyweight,Pull,Strength,Intermediate,Upper
Wide-Grip Standing Barbell Curl,Arms,Barbell,Isolation,Hypertrophy,Beginner,Upper
Wide Stance Barbell Squat,Full Body,Barbell,Squat,Strength,Intermediate,Lower
Wide Stance Stiff Legs,Full Body,Barbell,Olympic,Power,Advanced,Lower
Zercher Squats,Full Body,Barbell,Squat,Strength,Advanced,Lower
Zottman Curl,Arms,Dumbbell,Isolation,Hypertrophy,Intermediate,Upper
